"Status","Exposure.Location","Street","Suburb","Date","Arrival.Time","Departure.Time","Contact"
"","Gerald Slaven Ford Phillip","29 Botany Street","Phillip","23/08/2021 - Monday","8:30am","9:30am","Casual"
"","Coles Chisholm","42 Halley Street","Chisholm","22/08/2021 - Sunday","12:20pm","1:10pm","Monitor"
"New","IGA Denman Prospect","20/3 Felstead Vista","Denman Prospect","22/08/2021 - Sunday","12:40pm","2:00pm","Monitor"
"","Aldi Chisholm","36 Benham Street","Chisholm","21/08/2021 - Saturday","5:10pm","5:50pm","Monitor"
"","Capital Chemist Charnwood","41 Charnwood Place","Charnwood","21/08/2021 - Saturday","12:20pm","1:10pm","Monitor"
"","Crust Pizza Charnwood","41 Charnwood Place","Charnwood","21/08/2021 - Saturday","12:40pm","1:30pm","Monitor"
"","Erindale Pharmacy","2 Denigan Street","Wanniassa","21/08/2021 - Saturday","2:10pm","2:45pm","Monitor"
"New","Light Rail- R1 Transport Canberra Code LRV010","Ipima Street to Nullarbor Avenue","Public Transport","21/08/2021 - Saturday","2:41pm","3:03pm","Casual"
"New","Light Rail- R1 Transport Canberra Code LRV010","Alinga Street to Ipima Street","Public Transport","21/08/2021 - Saturday","4:38pm","4:48pm","Casual"
"New","Light Rail- R1 Transport Canberra Code LRV011","Nullarbor Avenue to Alinga Street","Public Transport","21/08/2021 - Saturday","3:35pm","3:54pm","Casual"
"","Woolworths Wanniassa","Erindale Shopping Centre, 50-68 Comrie Street","Wanniassa","21/08/2021 - Saturday","2:10pm","3:00pm","Monitor"
"New","Woolworths Weston Creek","Corner Brierly and Mahony Court","Weston","21/08/2021 - Saturday","7:30pm","9:00pm","Monitor"
"New","Mawson Halal Market","2/79 Mawson Place","Mawson","21/08/2021 - Saturday","3:30pm","4:30pm","Casual"
"","Bright Bees Childcare","40 O'Hanlon Place","Nicholls","20/08/2021 - Friday","8:00am","5:00pm","Close"
"","Crust Pizza Wanniassa","Shop 9B/20 Gartside Steet","Wanniassa","20/08/2021 - Friday","6:35pm","7:00pm","Monitor"
"","Guzman y Gomez Canberra Centre","Shop EG07-07B Bunda Street","Canberra City","20/08/2021 - Friday","3:30pm","11:00pm","Casual"
"","Kingsley's Chicken Weston","2 Liardet Street","Weston","20/08/2021 - Friday","6:15pm","7:30pm","Casual"
"","NewsXpress Wanniassa","Erindale Shopping Centre, 2 Denigan Street","Wanniassa","20/08/2021 - Friday","12:30pm","1:20pm","Monitor"
"","Warrumbul Lodge","4 Hutton Street","Canberra City","20/08/2021 - Friday","12:00am","11:59pm","Casual"
"","Wokitup Gungahlin","4/46 Hibberson Street","Gungahlin","20/08/2021 - Friday","6:05pm","6:55pm","Monitor"
"","Woolworths Metro","1/6 Grazier Lane,","Belconnen","20/08/2021 - Friday","11:30am","12:30pm","Monitor"
"","Woolworths Metro","1/6 Grazier Lane","Belconnen","20/08/2021 - Friday","11:30am","12:30pm","Monitor"
"","Woolworths Wanniassa","Erindale Shopping Centre, 50-68 Comrie Street","Wanniassa","20/08/2021 - Friday","12:10pm","1:00pm","Monitor"
"","Woolworths Wanniassa","Erindale Shopping Centre, 50-68 Comrie Street","Wanniassa","20/08/2021 - Friday","12:05pm","1:00pm","Monitor"
"","Bright Bees Childcare","40 O'Hanlon Place","Nicholls","19/08/2021 - Thursday","8:00am","5:00pm","Close"
"","Chemist Warehouse Gungahlin","30 Hibberson Street","Gungahlin","19/08/2021 - Thursday","12:40pm","1:25pm","Monitor"
"","Chemist Warehouse Belconnen Markets","2 Ibbott Lane","Belconnen","19/08/2021 - Thursday","5:50pm","6:40pm","Casual"
"","Coles Canberra Centre","Canberra Centre, 148 Bunda Street","Canberra City","19/08/2021 - Thursday","7:50pm","8:45pm","Casual"
"","Condamine Court","40-48 Forbes Street","Turner","19/08/2021 - Thursday","12:00am","11:59pm","Close"
"","Da Bronx","2/26 Francis Forde Boulevard","Forde","19/08/2021 - Thursday","5:50pm","6:40pm","Monitor"
"","Guzman y Gomez Canberra Centre","Canberra Centre, 148 Bunda Street","Canberra City","19/08/2021 - Thursday","2:45pm","11:00pm","Casual"
"","Warrumbul Lodge","4 Hutton Street","Canberra City","19/08/2021 - Thursday","12:00am","11:59pm","Casual"
"","BP Kingston","77 Canberra Avenue","Kingston","19/08/2021 - Thursday","4:30pm","6:00pm","Monitor"
"","Woolworths Weston Creek","Corner Brierly and Mahony Court","Weston Creek","19/08/2021 - Thursday","4:30pm","6:30pm","Monitor"
"","85 Degrees","Canberra Centre, 148 Bunda Street","Canberra City","18/08/2021 - Wednesday","1:00pm","2:00pm","Monitor"
"","85 Degrees","Canberra Centre, 148 Bunda Street","Canberra City","18/08/2021 - Wednesday","4:00pm","4:30pm","Monitor"
"","Bright Bees Childcare","40 O'Hanlon Place","Nicholls","18/08/2021 - Wednesday","8:00am","5:00pm","Close"
"","Canberra Centre","Canberra Centre, 148 Bunda Street","Canberra City","18/08/2021 - Wednesday","1:00pm","5:00pm","Monitor"
"New","Coles Manuka","Franklin Street and Flinders Way","Griffith","18/08/2021 - Wednesday","3:00pm","5:30pm","Monitor"
"","Condamine Court","40-48 Forbes Street","Turner","18/08/2021 - Wednesday","12:00am","11:59pm","Close"
"New","Crust Pizza Weston","2-4 Liardet Street","Weston","18/08/2021 - Wednesday","6:30pm","8:30pm","Monitor"
"","Erindale Pharmacy","2 Denigan Street","Wanniassa","18/08/2021 - Wednesday","11:00am","11:30am","Monitor"
"","Guzman y Gomez Canberra Centre","Canberra Centre, 148 Bunda Street","Canberra City","18/08/2021 - Wednesday","2:45pm","10:00pm","Casual"
"","Oliver Brown Canberra Centre","Canberra Centre, 148 Bunda Street","Canberra City","18/08/2021 - Wednesday","4:15pm","5:10pm","Casual"
"","The Butcher Shop Wanniassa","60 Comrie Street","Wanniassa","18/08/2021 - Wednesday","11:15am","12:00pm","Monitor"
"","Warrumbul Lodge","4 Hutton Street","Canberra City","18/08/2021 - Wednesday","12:00am","11:59pm","Casual"
"","Westfield Belconnen","Westfield Belconnen, Benjamin Way","Belconnen","18/08/2021 - Wednesday","12:00pm","2:00pm","Monitor"
"","Woolworths Wanniassa","Erindale Shopping Centre, 50-68 Comrie Street","Wanniassa","18/08/2021 - Wednesday","11:00am","11:40am","Monitor"
"","Bright Bees Childcare","40 O'Hanlon Place","Nicholls","17/08/2021 - Tuesday","8:00am","5:00pm","Close"
"","Bunnings Belconnen","15 Lathlain Street","Belconnen","17/08/2021 - Tuesday","3:45pm","4:35pm","Casual"
"","Chemist Warehouse Belconnen Markets","2 Ibbott Lane","Belconnen","17/08/2021 - Tuesday","4:20pm","5:10pm","Casual"
"","Chemist Warehouse Phillip","24 Corinna Street","Phillip","17/08/2021 - Tuesday","12:50pm","1:30pm","Monitor"
"","Coles Belconnen","Westfield Belconnen, Benjamin Way","Belconnen","17/08/2021 - Tuesday","11:55am","12:45pm","Casual"
"","Coles Canberra Centre","Canberra Centre, 148 Bunda Street","Canberra City","17/08/2021 - Tuesday","2:30pm","3:30pm","Casual"
"","Condamine Court","40-48 Forbes Street","Turner","17/08/2021 - Tuesday","12:00am","11:59pm","Close"
"","Gift n Lotto Xpress","Westfield Belconnen, Benjamin Way","Belconnen","17/08/2021 - Tuesday","11:20am","12:15pm","Casual"
"","Ginninderra Early Childhood Centre","Swanson Court","Belconnen","17/08/2021 - Tuesday","11:00am","5:20pm","Close"
"","Guardian Pharmacy","Westfield Belconnen, Benjamin Way","Belconnen","17/08/2021 - Tuesday","11:45am","12:20pm","Casual"
"","Guzman y Gomez Canberra Centre","Canberra Centre, 148 Bunda Street","Canberra City","17/08/2021 - Tuesday","8:00am","11:00pm","Casual"
"","Reject Shop Belconnen","Westfield Belconnen, Benjamin Way","Belconnen","17/08/2021 - Tuesday","11:45am","12:20pm","Casual"
"","Warrumbul Lodge","4 Hutton Street","Canberra City","17/08/2021 - Tuesday","12:00am","11:59pm","Casual"
"","Westfield Belconnen","Westfield Belconnen, Benjamin Way","Belconnen","17/08/2021 - Tuesday","11:10am","12:30pm","Monitor"
"","7-Eleven Mawson","1 Mawson Place","Mawson","16/08/2021 - Monday","12:00pm","1:30pm","Casual"
"","ALDI Belconnen","Westfield Belconnen, Benjamin Way","Belconnen","16/08/2021 - Monday","6:40pm","7:40pm","Casual"
"","BWS Belconnen","Westfield Belconnen, Benjamin Way","Belconnen","16/08/2021 - Monday","7:30pm","8:20pm","Casual"
"","China Tea House","2/38-70 Gartside Street","Wanniassa","16/08/2021 - Monday","6:40pm","7:20pm","Monitor"
"","Condamine Court","40-48 Forbes Street","Turner","16/08/2021 - Monday","12:00am","11:59pm","Close"
"","Easi Mart","45 Eastlake Parade","Kingston","16/08/2021 - Monday","4:50pm","5:50pm","Casual"
"","Food Forum","Westfield Belconnen, Benjamin Way","Belconnen","16/08/2021 - Monday","7:10pm","7:50pm","Casual"
"","Guzman y Gomez Canberra Centre","Canberra Centre, 148 Bunda Street","Canberra City","16/08/2021 - Monday","6:30am","8:30pm","Casual"
"","IGA O'Connor","3 Sargood Street","O'Connor","16/08/2021 - Monday","3:15pm","4:15pm","Casual"
"","Jiparu Cellars","96 Wollongong Street","Fyshwick","16/08/2021 - Monday","2:45pm","3:45pm","Monitor"
"New","Laundry Facility, Unilodge @ANU- Kinloch Lodge","35 Childers Street","Canberra City","16/08/2021 - Monday","8:30am","11:30am","Casual"
"","McDonalds Braddon","Corner Cooyong and Mort Streets","Braddon","16/08/2021 - Monday","10:15am","10:40am","Casual"
"","NewsXpress Wanniassa","Erindale Shopping Centre, 2 Denigan Street","Wanniassa","16/08/2021 - Monday","11:40am","12:20pm","Monitor"
"","Warrumbul Lodge","4 Hutton Street","Canberra City","16/08/2021 - Monday","12:00am","11:59pm","Casual"
"","Woolworths Belconnen","Westfield Belconnen, Benjamin Way","Belconnen","16/08/2021 - Monday","7:10pm","8:00pm","Casual"
"","Woolworths Belconnen","Westfield Belconnen, Benjamin Way","Belconnen","16/08/2021 - Monday","4:40pm","6:00pm","Casual"
"","Woolworths Cooleman Court","Cooleman Court Brierly Street","Weston Creek","16/08/2021 - Monday","12:45pm","1:30pm","Monitor"
"","Woolworths Wanniassa","Erindale Shopping Centre, 50-68 Comrie Street","Wanniassa","16/08/2021 - Monday","11:45am","12:35pm","Monitor"
"","Zambrero Weston Creek","14 Brierly Street","Weston Creek","16/08/2021 - Monday","1:00pm","1:40pm","Monitor"
"","Acai Brothers Canberra Centre","Bunda Street","Canberra City","15/08/2021 - Sunday","9:55am","10:05am","Casual"
"","ALDI Belconnen","Westfield Belconnen, Benjamin Way","Belconnen","15/08/2021 - Sunday","5:10pm","6:00pm","Casual"
"","ALDI Canberra Centre","Bunda Street","Canberra City","15/08/2021 - Sunday","9:15am","10:15am","Casual"
"","Bunnings Belconnen","15 Lathlain Street","Belconnen","15/08/2021 - Sunday","5:20pm","5:45pm","Monitor"
"","Coles Gungahlin","Gungahlin Place","Gungahlin","15/08/2021 - Sunday","9:30am","10:00am","Casual"
"","Coles Manuka","Franklin Street & Flinders Way","Griffith","15/08/2021 - Sunday","11:15am","12:00pm","Monitor"
"","Condamine Court","40-48 Forbes Street","Turner","15/08/2021 - Sunday","12:00am","11:59pm","Close"
"","Daily Market","137/43 Hibberson Street","Gungahlin","15/08/2021 - Sunday","10:00am","10:30am","Casual"
"","Dan Murphy's Dickson","44 Dickson Place","Dickson","15/08/2021 - Sunday","12:20pm","12:50pm","Monitor"
"","Dominos Gungahlin","3/8 Ernest Cavanagh Street","Gungahlin","15/08/2021 - Sunday","1:50pm","2:10pm","Casual"
"","IGA O'Connor","3 Sargood Street","O'Connor","15/08/2021 - Sunday","5:30pm","6:00pm","Monitor"
"","LDK Greenway Views","260 Soward Way","Greenway","15/08/2021 - Sunday","12:00am","11:59pm","Close"
"","Spence Grocer","1 Glassey Place","Spence","15/08/2021 - Sunday","9:30am","9:50am","Casual"
"","Woolworths Dickson","1 Dickson Place","Dickson","15/08/2021 - Sunday","12:00pm","12:30pm","Casual"
"","7-Eleven Casey","10 Kingsland Parade","Casey","14/08/2021 - Saturday","7:30am","8:15am","Casual"
"","About Health","2/22-25 Dickson Place","Dickson","14/08/2021 - Saturday","2:40pm","5:00pm","Casual"
"","Capital Chemist O'Connor","9 Sargood Street","O'Connor","14/08/2021 - Saturday","7:55pm","8:10pm","Monitor"
"","Coles Belconnen","Westfield Belconnen, Benjamin Way","Belconnen","14/08/2021 - Saturday","9:20am","10:00am","Casual"
"","First Choice Liquor, Braddon","48 Mort Street","Braddon","14/08/2021 - Saturday","7:45pm","8:05pm","Monitor"
"","Hungry Jacks Belconnen","108 Emu Bank Road","Belconnen","14/08/2021 - Saturday","8:00am","3:15pm","Close"
"","Hungry Jacks Gungahlin","Gibberson Street","Gungahlin","14/08/2021 - Saturday","7:20pm","7:40pm","Casual"
"","IGA Lyneham","1 Wattle Place","Lyneham","14/08/2021 - Saturday","4:15pm","5:00pm","Casual"
"","LDK Greenway Views","260 Soward Way","Greenway","14/08/2021 - Saturday","12:00am","11:59pm","Close"
"","McDonalds Dickson","Corner Badham Street and Dickson Place","Dickson","14/08/2021 - Saturday","7:00am","10:30am","Casual"
"","Meatways Kambah Butcher","Marconi Crescent","Kambah","14/08/2021 - Saturday","1:20pm","2:00pm","Monitor"
"","Oriental Kitchen Charnwood","Charnwood Place","Charnwood","14/08/2021 - Saturday","6:55pm","7:35pm","Monitor"
"","Spence Grocer","1 Glassey Place","Spence","14/08/2021 - Saturday","12:40pm","1:10pm","Casual"
"","The Source Bulk Foods","Shop 7/7, 30 Dickson Place","Dickson","14/08/2021 - Saturday","2:45pm","3:10pm","Casual"
"","Woolworths Bonner","61 Mabo Boulevard","Bonner","14/08/2021 - Saturday","11:15am","12:00pm","Casual"
"","Woolworths Charnwood","25-30 Charnwood Place","Charnwood","14/08/2021 - Saturday","1:00pm","3:00pm","Casual"
"","Woolworths Dickson","1 Dickson Place","Dickson","14/08/2021 - Saturday","11:20am","11:50am","Casual"
"","Woolworths Dickson","1 Dickson Place","Dickson","14/08/2021 - Saturday","2:50pm","3:40pm","Casual"
"","Woolworths Kambah","2 Primmer Court","Kambah","14/08/2021 - Saturday","2:00pm","2:30pm","Casual"
"","7-Eleven Phillip","86 Parramatta Street","Phillip","13/08/2021 - Friday","10:55am","11:10am","Monitor"
"","ALDI Belconnen","Westfield Belconnen, Benjamin Way","Belconnen","13/08/2021 - Friday","8:45am","9:20am","Casual"
"","ALDI Belconnen","Westfield Belconnen, Benjamin Way","Belconnen","13/08/2021 - Friday","2:00pm","2:25pm","Casual"
"","ALDI Weston Creek","Brierly Street","Weston Creek","13/08/2021 - Friday","6:00pm","6:30pm","Casual"
"","Bus Route 66 Transport Canberra Code BUS643","Coombs to Woden Intechange","Public Transport","13/08/2021 - Friday","12:21pm","12:33pm","Casual"
"","Bus Route 70 Transport Canberra Code BUS321","Woden Interchange to Kambah","Public Transport","13/08/2021 - Friday","12:57pm","1:15pm","Casual"
"","Capital Chemist O’Connor","9 Sargood Street","O’Connor","13/08/2021 - Friday","9:35am","10:00am","Casual"
"","Coles Amaroo","Horse Park Drive","Amaroo","13/08/2021 - Friday","11:30am","1:00pm","Casual"
"","Coles Belconnen","Westfield Belconnen, Benjamin Way","Belconnen","13/08/2021 - Friday","9:35am","10:00am","Casual"
"","Coles Belconnen","Westfield Belconnen, Benjamin Way","Belconnen","13/08/2021 - Friday","2:15pm","2:45pm","Casual"
"","Coles Canberra City","Bunda Street","Canberra City","13/08/2021 - Friday","6:55pm","7:30pm","Casual"
"","Coles Express Charnwood","Lhotsky Street and Charnwood Place","Charnwood","13/08/2021 - Friday","2:30pm","3:10pm","Monitor"
"","Costco Majura Park","39-41 Mustang Avenue","Majura Park","13/08/2021 - Friday","12:00pm","1:00pm","Casual"
"","Crust Pizza Braddon","28 Mort Street","Braddon","13/08/2021 - Friday","5:30pm","5:45pm","Casual"
"","Elite Supplements","Westfield Belconnen, Benjamin Way","Belconnen","13/08/2021 - Friday","2:30pm","2:45pm","Casual"
"","Food Works Weston Creek","40 Holder Place","Holder","13/08/2021 - Friday","5:00pm","5:10pm","Monitor"
"","Ginninderra Medical & Dental Centre - The general practice section ONLY","Cnr Nettlefold Street & Coulter Drive","Belconnen","13/08/2021 - Friday","3:10pm","3:40pm","Close"
"","Hawker Drive In Bottle Shop","Belconnen Way and Springvale Drive","Hawker","13/08/2021 - Friday","4:45pm","5:00pm","Monitor"
"","Hungry Jacks Belconnen","108 Emu Bank Road","Belconnen","13/08/2021 - Friday","3:45pm","11:30pm","Close"
"","IGA Evatt","Heydon Place","Evatt","13/08/2021 - Friday","11:45am","8:15pm","Casual"
"","IGA Lyneham","1 Wattle Place","Lyneham","13/08/2021 - Friday","11:00am","11:45am","Monitor"
"","Kopiku","1/5 Sargood Street","O’Connor","13/08/2021 - Friday","9:45am","10:15am","Casual"
"","LDK Greenway Views","260 Soward Way","Greenway","13/08/2021 - Friday","12:00am","11:59pm","Close"
"","Lennock Jaguar Land Rover","126 Melrose Drive","Phillip","13/08/2021 - Friday","8:30am","5:30pm","Close"
"","Liquorland Amaroo","Horse Park Drive","Amaroo","13/08/2021 - Friday","12:00pm","12:30pm","Casual"
"","McDonalds Mitchell (near EPIC)","661 Northbourne Avenue","Lyneham","13/08/2021 - Friday","6:40pm","7:00pm","Casual"
"","Officeworks Fyshwick","1 Whyalla Street","Fyshwick","13/08/2021 - Friday","5:25pm","6:05pm","Casual"
"","Supabarn Casey","15 Kingsland Parade","Casey","13/08/2021 - Friday","3:00pm","3:34pm","Casual"
"","Westfield Belconnen","Westfield Belconnen, Benjamin Way","Belconnen","13/08/2021 - Friday","8:45am","10:15am","Monitor"
"","Westfield Belconnen","Westfield Belconnen, Benjamin Way","Belconnen","13/08/2021 - Friday","1:30pm","2:50pm","Monitor"
"","Westfield Post Office","Westfield Belconnen, Benjamin Way","Belconnen","13/08/2021 - Friday","9:50am","10:15am","Casual"
"","Woden Bus Interchange","Bowes Street","Phillip","13/08/2021 - Friday","12:33pm","12:57pm","Monitor"
"","Woolworths Belconnen","Westfield Belconnen, Benjamin Way","Belconnen","13/08/2021 - Friday","9:05am","9:45am","Casual"
"","Woolworths Belconnen","Westfield Belconnen, Benjamin Way","Belconnen","13/08/2021 - Friday","1:45pm","2:10pm","Casual"
"","Woolworths Bonner","61 Mabo Boulevard","Bonner","13/08/2021 - Friday","11:15am","12:00pm","Casual"
"","Woolworths Weston Creek","Corner Brierly and Mahony Circuit","Weston Creek","13/08/2021 - Friday","6:20pm","7:00pm","Casual"
"","Woolworths Weston Creek","Corner Brierly and Mahony Circuit","Weston Creek","13/08/2021 - Friday","10:30am","12:00pm","Monitor"
"","7-Eleven Braddon","20 Mort Street","Braddon","12/08/2021 - Thursday","3:45pm","4:00pm","Casual"
"","7-Eleven Erindale","76 Gartside Street","Wanniassa","12/08/2021 - Thursday","8:40am","10:30am","Casual"
"","Abode Hotel (Floors 1, 2 and 3)","14 Kennedy Street","Kingston","12/08/2021 - Thursday","12:00am","7:00pm","Casual"
"","Abode Hotel (Ground Floor only)","14 Kennedy Street","Kingston","12/08/2021 - Thursday","7:50am","7:00pm","Monitor"
"","ALDI Belconnen","Westfield Belconnen, Benjamin Way","Belconnen","12/08/2021 - Thursday","3:50pm","4:50pm","Close"
"","ALDI Kippax","50-60 Hardwick Crescent","Holt","12/08/2021 - Thursday","1:20pm","2:00pm","Monitor"
"","Ampol Petrol Station","5 Lonsdale Street","Braddon","12/08/2021 - Thursday","3:00pm","3:30pm","Monitor"
"","Australian Maritime Safety Authority Head Office","82 Northbourne Avenue","Braddon","12/08/2021 - Thursday","10:30am","12:00pm","Close"
"","Beyond Pharmacy","4/18 Lonsdale Street","Braddon","12/08/2021 - Thursday","3:45pm","4:00pm","Casual"
"","Big W Gungahlin","Gozzard Street","Gungahlin","12/08/2021 - Thursday","2:40pm","3:00pm","Casual"
"","Bus Route 10 Transport Canberra Code BUS687","Coombs to City (Commonwealth Ave)","Public Transport","12/08/2021 - Thursday","7:16am","7:31am","Casual"
"","Bus Route 19 Transport Canberra Code BUS668","Gungahlin to Bonner","Public Transport","12/08/2021 - Thursday","5:00pm","5:30pm","Casual"
"","Bus Route 2 Transport Canberra Code BUS719","City (Regatta Point) to Fyshwick","Public Transport","12/08/2021 - Thursday","7:41am","7:57am","Casual"
"","Bus Route 25 Transport Canberra Code BUS585","Gungahlin to Moncrieff","Public Transport","12/08/2021 - Thursday","4:02pm","4:14pm","Casual"
"","Bus Route 26 Transport Canberra Code BUS433","Amaroo to Gungahlin","Public Transport","12/08/2021 - Thursday","7:56am","8:07am","Casual"
"","Bus Route 26 Transport Canberra Code BUS433","Moncrieff to Gungahlin","Public Transport","12/08/2021 - Thursday","7:51am","8:07am","Casual"
"","Bus Route 45 Transport Canberra Code BUS617","Weetangera to Belconnen","Public Transport","12/08/2021 - Thursday","10:30am","10:40am","Casual"
"","Bus Route 45 Transport Canberra Code BUS653","Belconnen to Weetangera","Public Transport","12/08/2021 - Thursday","8:30am","8:50am","Casual"
"","Bus Route 66 Transport Canberra Code BUS641","Woden Interchange to Coombs","Public Transport","12/08/2021 - Thursday","1:04pm","1:19pm","Casual"
"","Bus Route 8 Transport Canberra Code BUS580","Belconnen to Gunghalin","Public Transport","12/08/2021 - Thursday","11:15am","11:45am","Casual"
"","Bus Route 8 Transport Canberra Code BUS657","Gungahlin to Belconnen","Public Transport","12/08/2021 - Thursday","8:00am","8:30am","Casual"
"","Bus Route 9 Transport Canberra Code BUS424","Dickson Interchange to Watson","Public Transport","12/08/2021 - Thursday","3:26pm","3:35pm","Casual"
"","Bus Route 9 Transport Canberra Code BUS456","Watson to Dickson Interchange","Public Transport","12/08/2021 - Thursday","8:20am","8:34am","Casual"
"","Bus Route 9 Transport Canberra Code BUS456","Watson to Dickson Interchange","Public Transport","12/08/2021 - Thursday","8:25am","8:34am","Casual"
"","Bus Route 9 Transport Canberra Code BUS720","Dickson Interchange to Watson","Public Transport","12/08/2021 - Thursday","3:18pm","3:32pm","Casual"
"","Chemist Warehouse Gungahlin","30 Hibberson Street","Gungahlin","12/08/2021 - Thursday","10:20am","11:00am","Casual"
"","CIT Bruce Campus (Building H - Library Only)","1 Jack Fleming Place","Bruce","12/08/2021 - Thursday","12:00pm","4:30pm","Close"
"","CIT Bruce Campus (Building H only)","1 Jack Fleming Place","Bruce","12/08/2021 - Thursday","12:00pm","4:30pm","Casual"
"","CIT Bruce Campus (Entire campus, refer to Close Contacts entry if attended Building H)","35 Vowels Crescent","Bruce","12/08/2021 - Thursday","12:00pm","4:30pm","Monitor"
"","CIT Reid Campus (Entire campus)","37 Constitution Avenue","Reid","12/08/2021 - Thursday","9:00am","2:30pm","Close"
"","Coco Republic Construction Site","148 Bunda Street","Canberra City","12/08/2021 - Thursday","8:00am","12:30pm","Close"
"","Coffee Guru Canberra Centre","Shop K05, 148 Bunda Street","Canberra City","12/08/2021 - Thursday","10:45am","12:00pm","Close"
"","Coles Express Belconnen","Lathlain Street and Wignall Place","Belconnen","12/08/2021 - Thursday","7:50am","8:10am","Casual"
"","Coles Gungahlin","Corner Hibberson Street and Gungahlin Place","Gungahlin","12/08/2021 - Thursday","3:00pm","3:45pm","Casual"
"","Coles Gungahlin","Hibberson Street","Gungahlin","12/08/2021 - Thursday","3:30pm","4:15pm","Casual"
"","Coles Kaleen","1 Maribyrnong Avenue","Kaleen","12/08/2021 - Thursday","12:45pm","2:45pm","Close"
"","Commonwealth Bank Gungahlin","Shop 23-25, 33 Hibberson Street","Gungahlin","12/08/2021 - Thursday","3:00pm","3:20pm","Casual"
"","Commonwealth Bank Gungahlin","Shop 23-25, 33 Hibberson Street","Gungahlin","12/08/2021 - Thursday","9:30am","10:00am","Close"
"","EQ Bakehouse","70 Kent Street","Deakin","12/08/2021 - Thursday","7:00am","10:00am","Casual"
"","F45 Training","10 National Circuit","Barton","12/08/2021 - Thursday","5:00am","8:00am","Close"
"","Franklin General Practice","54 Nullarbor Avenue","Franklin","12/08/2021 - Thursday","2:15pm","3:15pm","Close"
"","Gold Creek School (including Early Childhood Learning Centre)","Kelleway Avenue","Nicholls","12/08/2021 - Thursday","8:00am","3:10pm","Close"
"","Golden Touch Kedmar, pop-up Gungahlin Marketplace","30 & 33 Hibberson Street","Gungahlin","12/08/2021 - Thursday","9:45am","10:30am","Casual"
"","Grand Central Towers - communal pool area","15 Bowes Street","Phillip","12/08/2021 - Thursday","11:45am","12:45pm","Close"
"","Gungahlin Marketplace","30 Hibberson Street","Gungahlin","12/08/2021 - Thursday","11:30am","2:00pm","Monitor"
"","Harrison School","20 Wimmera Street","Harrison","12/08/2021 - Thursday","8:30am","3:30pm","Close"
"","Holy Sprit Catholic Primary School (including Early Childhood Learning Centre)","26 Kelleway Avenue","Nicholls","12/08/2021 - Thursday","8:00am","3:10pm","Casual"
"","IGA Lyneham","1 Wattle Place","Lyneham","12/08/2021 - Thursday","3:00pm","3:45pm","Casual"
"","Iskia Athletic Club Campbell","81 Constitution Avenue","Campbell","12/08/2021 - Thursday","12:15pm","2:00pm","Close"
"","KFC Fyshwick","188-205 Canberra Avenue","Fyshwick","12/08/2021 - Thursday","11:15am","12:50pm","Close"
"","Lawrence & Hanson Mitchell","2/67-71 Vicars Street","Mitchell","12/08/2021 - Thursday","7:30am","8:00am","Close"
"","Lawrence & Hanson Mitchell","2/67-71 Vicars Street","Mitchell","12/08/2021 - Thursday","12:40pm","1:00pm","Close"
"","LDK Greenway Views","260 Soward Way","Greenway","12/08/2021 - Thursday","12:00am","11:59pm","Close"
"","Lennock Jaguar Land Rover","126 Melrose Drive","Phillip","12/08/2021 - Thursday","8:30am","5:30pm","Close"
"","Light Rail - R1 Transport Canberra Code LRV003","Gungahlin to Dickson Interchange","Public Transport","12/08/2021 - Thursday","8:20am","8:38am","Casual"
"","Light Rail - R1 Transport Canberra Code LRV005","Dickson Interchange to Gungahlin","Public Transport","12/08/2021 - Thursday","3:18pm","3:37pm","Casual"
"","Light Rail - R1 Transport Canberra Code LRV005","Gunghalin to Well Station Drive","Public Transport","12/08/2021 - Thursday","1:40pm","1:47pm","Casual"
"","Light Rail - R1 Transport Canberra Code LRV011","Gungahlin to Dickson Interchange","Public Transport","12/08/2021 - Thursday","8:10am","8:27am","Casual"
"","Light Rail - R1 Transport Canberra Code LRV013","Well Station Drive to Gunghalin","Public Transport","12/08/2021 - Thursday","4:36pm","4:43pm","Casual"
"","Lyneham High School","Goodwin Street","Lyneham","12/08/2021 - Thursday","8:30am","3:30pm","Close"
"","Mawson Southland Quality Meats","1/93 Mawson Place","Mawson","12/08/2021 - Thursday","1:40pm","1:55pm","Casual"
"","McDonalds Charnwood","Corner Charnwood Place and Lhotsky Place","Charnwood","12/08/2021 - Thursday","8:00am","8:45am","Casual"
"","Melt","109 Flemington Road","Mitchell","12/08/2021 - Thursday","7:30am","8:00am","Close"
"","Metropol Display Centre","83 Cooyoong Street","Reid","12/08/2021 - Thursday","10:00am","11:10am","Close"
"","Mr Sushi","Gungahlin Village","Gungahlin","12/08/2021 - Thursday","4:00pm","4:15pm","Casual"
"","Pellegrino’s Café","7/49 Wollongong Street","Fyshwick","12/08/2021 - Thursday","8:30am","8:35am","Close"
"","Power Kart Raceway","125 Canberra Avenue","Griffith","12/08/2021 - Thursday","12:00pm","1:30pm","Casual"
"","Priceline Pharmacy Amaroo","6 Pioneer Street","Amaroo","12/08/2021 - Thursday","5:00pm","6:45pm","Close"
"","Reject Shop, Gungahlin Village","Shop 2, 46 Hibberson Street","Gungahlin","12/08/2021 - Thursday","3:45pm","4:10pm","Casual"
"","Services Australia","5 Fussell Lane","Gungahlin","12/08/2021 - Thursday","3:10pm","3:30pm","Casual"
"","Southwell Park","Southwell Park","Lyneham","12/08/2021 - Thursday","9:00am","11:30am","Monitor"
"","Spence Grocer","1 Glassey Place","Spence","12/08/2021 - Thursday","8:20am","8:50am","Casual"
"","Spence Grocer","1 Glassey Place","Spence","12/08/2021 - Thursday","3:20pm","3:50pm","Casual"
"","St George Bank Gungahlin","30 Hibberson Street","Gungahlin","12/08/2021 - Thursday","2:40pm","3:10pm","Casual"
"","St Thomas Aquinas Primary School","25 Lhotsky Street","Charnwood","12/08/2021 - Thursday","8:30am","4:00pm","Close"
"","TLE Electrical & Data supplies","22-36 Oatley Court","Belconnen","12/08/2021 - Thursday","7:30am","8:15am","Casual"
"","Vodafone Gungahlin","18 Hibberson Street","Gungahlin","12/08/2021 - Thursday","3:20pm","3:45pm","Casual"
"","Westfield Belconnen","Westfield Belconnen, Benjamin Way","Belconnen","12/08/2021 - Thursday","7:30am","9:00am","Monitor"
"","Westfield Belconnen Food Court","Westfield Belconnen, Benjamin Way","Belconnen","12/08/2021 - Thursday","10:00am","11:45am","Casual"
"","Woolworths Belconnen","Westfield Belconnen, Benjamin Way","Belconnen","12/08/2021 - Thursday","4:15pm","5:00pm","Casual"
"","Woolworths Gungahlin","30 Hibberson Street","Gungahlin","12/08/2021 - Thursday","3:30pm","5:05pm","Casual"
"","7-Eleven Braddon","20 Mort Street","Braddon","11/08/2021 - Wednesday","5:00pm","5:15pm","Monitor"
"","Abode Hotel (Floors 1, 2 and 3)","14 Kennedy Street","Kingston","11/08/2021 - Wednesday","7:50am","11:59pm","Casual"
"","Abode Hotel (Ground Floor only)","14 Kennedy Street","Kingston","11/08/2021 - Wednesday","7:50am","7:00pm","Monitor"
"","Ampol Petrol Station","289 Canberra Avenue","Fyshwick","11/08/2021 - Wednesday","1:10pm","1:30pm","Casual"
"","Australia Post Woden","Shop 4/15 Bowes Place","Phillip","11/08/2021 - Wednesday","11:00am","12:00pm","Casual"
"","Australian Maritime Safety Authority Head Office","82 Northbourne Avenue","Braddon","11/08/2021 - Wednesday","8:45am","1:30pm","Close"
"","Basketball ACT, Basketball & Sports Centre","42 Oatley Court","Belconnen","11/08/2021 - Wednesday","6:40am","9:00pm","Casual"
"","Bunnings Tuggeranong","Anketell Street","Tuggeranong","11/08/2021 - Wednesday","10:15am","10:50am","Monitor"
"","Bus Route 19 Transport Canberra Code BUS412","Gungahlin to Bonner","Public Transport","11/08/2021 - Wednesday","2:25pm","5:00pm","Casual"
"","Bus Route 20 Transport Canberra Code BUS963","Gungahlin to Bonner","Public Transport","11/08/2021 - Wednesday","3:33pm","3:52pm","Casual"
"","Bus Route 25 Transport Canberra Code BUS428","Gungahlin to Moncrieff","Public Transport","11/08/2021 - Wednesday","4:07pm","4:20pm","Casual"
"","Bus Route 26 Transport Canberra Code BUS458","Amaroo To Gungahlin","Public Transport","11/08/2021 - Wednesday","7:56am","8.04am","Casual"
"","Bus Route 26 Transport Canberra Code BUS458","Moncrieff to Gungahlin","Public Transport","11/08/2021 - Wednesday","7:51am","8:04am","Casual"
"","Bus Route 9 Transport Canberra Code BUS588","Dickson Interchange to Watson","Public Transport","11/08/2021 - Wednesday","3:12pm","3:23pm","Casual"
"","Bus Route 9 Transport Canberra Code BUS604","Watson to Dickson Interchange","Public Transport","11/08/2021 - Wednesday","8:06am","8:17am","Casual"
"","Café Mame","2/4-6 Melba Circuit","Melba","11/08/2021 - Wednesday","8:50am","9:15am","Casual"
"","Capital Chemist Kingston","62 Jardine Street","Kingston","11/08/2021 - Wednesday","12:00pm","12:15pm","Close"
"","Chapman Primary After School Care Building","46-50 Perry Drive","Chapman","11/08/2021 - Wednesday","2:30pm","6:00pm","Close"
"","CIT Bruce Campus (Building H only)","1 Jack Fleming Place","Bruce","11/08/2021 - Wednesday","12:30pm","4:40pm","Close"
"","CIT Bruce Campus (Entire Campus, refer to Close Contacts entry if attended Building H)","35 Vowels Crescent","Bruce","11/08/2021 - Wednesday","12:30pm","10:30pm","Monitor"
"","CIT Reid Campus (Entire campus)","37 Constitution Avenue","Reid","11/08/2021 - Wednesday","8:45am","3:00pm","Close"
"","Club Lime - CISAC (gym only)","100 Eastern Valley Way","Bruce","11/08/2021 - Wednesday","4:45pm","7:15pm","Close"
"","Club Lime Gungahlin","43 Hibberson Street","Gungahlin","11/08/2021 - Wednesday","5:00am","6:30am","Close"
"","Coco Republic Construction Site","148 Bunda Street","Canberra City","11/08/2021 - Wednesday","1:30pm","5:00pm","Close"
"","Coles Manuka","Franklin Street & Flinders Way","Griffith","11/08/2021 - Wednesday","6:00pm","6:45pm","Casual"
"","Coles Manuka","Franklin Street & Flinders Way","Griffith","11/08/2021 - Wednesday","12:15pm","12:40pm","Close"
"","Companion House","41 Templeton Street","Cook","11/08/2021 - Wednesday","11:30am","11:45am","Close"
"","Elite Supplements","13 Keltie Street","Phillip","11/08/2021 - Wednesday","11:15am","12:15pm","Casual"
"","EQ Bakehouse","70 Kent Street","Deakin","11/08/2021 - Wednesday","7:00am","4:00pm","Casual"
"","EQ Café and Lounge","70 Kent Street","Deakin","11/08/2021 - Wednesday","6:30am","4:00pm","Casual"
"","F45 Training","10 National Circuit","Barton","11/08/2021 - Wednesday","5:00am","8:00am","Close"
"","Flatheads Takeaway","Macpherson Street & Bluebell Street","O'Connor","11/08/2021 - Wednesday","12:15pm","12:30pm","Casual"
"","Gelato Messina Kingston","38 Eyre Street","Kingston","11/08/2021 - Wednesday","8:00pm","8:40pm","Close"
"","GGs Flowers & Hampers","Unit 3D, Farrer Shops","Farrer","11/08/2021 - Wednesday","12:15pm","2:00pm","Close"
"","Gold Creek School (including early childhood learning)","Kelleway Avenue","Nicholls","11/08/2021 - Wednesday","8:00am","5:00pm","Close"
"","Goodstart Early Learning Turner","12 Watson Street","Turner","11/08/2021 - Wednesday","10:20am","10:40am","Close"
"","Goodstart Early Learning Turner","12 Watson Street","Turner","11/08/2021 - Wednesday","5:00pm","5:30pm","Close"
"","Gungaderra Homestead- Girl Guides Meeting","Gungaderra Homestead","Harrison","11/08/2021 - Wednesday","7:25pm","8:45pm","Close"
"","Gunners Place – Youth Centre","20 Hibberson Street","Gungahlin","11/08/2021 - Wednesday","1:30pm","2:30pm","Close"
"","Harrison Playing Fields- Harrison 101","Katoomba Street","Harrison","11/08/2021 - Wednesday","5:45pm","7:45pm","Monitor"
"","Harrison School","20 Wimmera Street","Harrison","11/08/2021 - Wednesday","8:30am","3:30pm","Close"
"","Holy Sprit Catholic Primary School (including Early Childhood Learning Centre)","26 Kelleway Avenue","Nicholls","11/08/2021 - Wednesday","8:00am","5:00pm","Casual"
"","Hume Warehouse","Unit 10/60 Sheppard Street","Hume","11/08/2021 - Wednesday","1:30pm","6:00pm","Close"
"","IGA Evatt","Heydon Place","Evatt","11/08/2021 - Wednesday","9:00am","3:00pm","Close"
"","IGA Evatt","Heydon Place","Evatt","11/08/2021 - Wednesday","4:00pm","8:15pm","Close"
"","IGA Melba","1/4-6 Melba Circuit","Melba","11/08/2021 - Wednesday","8:50am","9:15am","Casual"
"","Intermain","64 Northbourne Avenue","City","11/08/2021 - Wednesday","12:30pm","2:00pm","Close"
"","LDK Greenway Views","260 Soward Way","Greenway","11/08/2021 - Wednesday","12:00am","11:59pm","Close"
"","Lennock Jaguar Land Rover","126 Melrose Drive","Phillip","11/08/2021 - Wednesday","8:30am","5:30pm","Close"
"","Light Rail - R1 Transport Canberra Code LRV004","Well Station Drive to Gunghalin","Public Transport","11/08/2021 - Wednesday","2:18pm","2:25pm","Casual"
"","Light Rail - R1 Transport Canberra Code LRV005","Dickson Interchange to Gungahlin","Public Transport","11/08/2021 - Wednesday","3:18pm","3:37pm","Casual"
"","Light Rail - R1 Transport Canberra Code LRV006","Gungahlin to Dickson Interchange","Public Transport","11/08/2021 - Wednesday","8:20am","8:38am","Casual"
"","Light Rail - R1 Transport Canberra Code LRV010","Gungahlin to Dickson Interchange","Public Transport","11/08/2021 - Wednesday","8:05am","8:22am","Casual"
"","Light Rail - R1 Transport Canberra Code LRV012","Dickson Interchange to Gungahlin","Public Transport","11/08/2021 - Wednesday","3:13pm","3:31pm","Casual"
"","Lyneham High School","Goodwin Street","Lyneham","11/08/2021 - Wednesday","8:30am","3:30pm","Close"
"","North Canberra Business Centre","54 Vicars Street","Mitchell","11/08/2021 - Wednesday","11:10am","11:30am","Close"
"","Ochre Medical Centre Kingston","Level 1, Unit 6/62 Jardine Street","Kingston","11/08/2021 - Wednesday","4:30pm","4:40pm","Monitor"
"","Pellegrino’s Café","7/49 Wollongong Street","Fyshwick","11/08/2021 - Wednesday","8:30am","8:35am","Close"
"","Pellegrino’s Café","7/49 Wollongong Street","Fyshwick","11/08/2021 - Wednesday","12:00pm","1:00pm","Close"
"","Power Kart Raceway","125 Canberra Avenue","Griffith","11/08/2021 - Wednesday","7:15pm","8:30pm","Close"
"","Rebel Sport","Shop LM2, Keltie Street","Phillip","11/08/2021 - Wednesday","11:15am","12:15pm","Casual"
"","Sharing Places Building 3 - Pearce Community Centre","Collett Place","Pearce","11/08/2021 - Wednesday","8:45am","9:30am","Casual"
"","Southern Cross Basketball Stadium","7 Pitman Street","Greenway","11/08/2021 - Wednesday","6:30pm","10:00pm","Casual"
"","Southern Cross Basketball Stadium","7 Pitman Street","Greenway","11/08/2021 - Wednesday","8:30pm","10:00pm","Casual"
"","Southern Cross Basketball Stadium","7 Pitman Street","Greenway","11/08/2021 - Wednesday","8:30pm","9:00pm","Casual"
"","Stockade Gym","7 Kembla Street","Fyshwick","11/08/2021 - Wednesday","5:00pm","6:00pm","Casual"
"","Subway Dickson","Shop 1/71-81 Woolley Street","Dickson","11/08/2021 - Wednesday","7:00pm","7:50pm","Close"
"","Supabarn Casey","15 Kingsland Parade","Casey","11/08/2021 - Wednesday","1:05pm","1:30pm","Casual"
"","Sushi Island","15/22 Kingsland Parade","Casey","11/08/2021 - Wednesday","1:00pm","1:10pm","Casual"
"","The Bucket Warehouse","Unit 1E/5 Pelle Street","Mitchell","11/08/2021 - Wednesday","5:25pm","7:15pm","Close"
"","The Civic Pub","8 Lonsdale Street","Braddon","11/08/2021 - Wednesday","5:00pm","8:30pm","Close"
"","The Greenshed Mitchell","Flemington Road","Mitchell","11/08/2021 - Wednesday","9:45am","2:15pm","Monitor"
"","The Rehabilitation Specialists","9/27 Yallourn Street","Fyshwick","11/08/2021 - Wednesday","2:30pm","5:00pm","Close"
"","The Rehabilitation Specialists","9/27 Yallourn Street","Fyshwick","11/08/2021 - Wednesday","8:30am","9:30am","Close"
"","TLE Electrical & Data supplies","22-36 Oatley Court","Belconnen","11/08/2021 - Wednesday","7:45am","8:30am","Casual"
"","Turkish Delight","75/71 Giles Street","Kingston","11/08/2021 - Wednesday","6:35pm","6:45pm","Close"
"","UC Library","Building 8 University of Canberra","Bruce","11/08/2021 - Wednesday","8:00pm","9:00pm","Monitor"
"","Westpac Woden","Woden Centre Plaza, Shops L06-08/3 Bradley Street","Phillip","11/08/2021 - Wednesday","11:00am","12:00pm","Casual"
"","Woolworths Charnwood","25-30 Charnwood Place","Charnwood","11/08/2021 - Wednesday","6:30pm","7:10pm","Casual"
"","Woolworths Dickson","1 Dickson Place","Dickson","11/08/2021 - Wednesday","3:00pm","3:30pm","Casual"
"","Woolworths Gungahlin","30 Hibberson Street","Gungahlin","11/08/2021 - Wednesday","8:00am","8:50am","Casual"
"","Woolworths Gungahlin","30 Hibberson Street","Gungahlin","11/08/2021 - Wednesday","3:30pm","4:20pm","Casual"
"","Xian Restaurant","1/140 Emu Bank","Belconnen","11/08/2021 - Wednesday","9:15pm","9:45pm","Casual"
"","Yum Cha","Westfield Belconnen, Benjamin Way","Belconnen","11/08/2021 - Wednesday","3:00pm","4:30pm","Close"
"New","Urban Fusion Massage","165/148 Flemington Road","Harrison","11/08/2021 - Wednesday","6:15pm","8:30pm","Close"
"New","Laverty Pathology Gungahlin","Gungahlin Square, Unit 131, Hibberson Street","Gungahlin","11/08/2021 - Wednesday","7:45am","8:30am","Close"
"","Assembly The People’s Pub","11 Lonsdale Street","Braddon","10/08/2021 - Tuesday","7:30pm","10:15pm","Close"
"","Basketball ACT, Basketball & Sports Centre","42 Oatley Court","Belconnen","10/08/2021 - Tuesday","12:00pm","3:00pm","Casual"
"","Basketball ACT, Basketball & Sports Centre","42 Oatley Court","Belconnen","10/08/2021 - Tuesday","5:50pm","7:30pm","Casual"
"","Big W Gungahlin","Gozzard Street","Gungahlin","10/08/2021 - Tuesday","3:45pm","4:30pm","Casual"
"","Bing Lee Belconnen","10-12 Cohen Street","Belconnen","10/08/2021 - Tuesday","12:50pm","1:15pm","Casual"
"","Bus Route 20 Transport Canberra Code BUS629","Bonner to Gunghalin","Public Transport","10/08/2021 - Tuesday","7:33am","7:45am","Casual"
"","Bus Route 20 Transport Canberra Code BUS933","Gungahlin to Amaroo","Public Transport","10/08/2021 - Tuesday","3:33pm","3:43pm","Casual"
"","Bus Route 25 Transport Canberra Code BUS939","Gungahlin to Moncrieff","Public Transport","10/08/2021 - Tuesday","4:23pm","4:38pm","Casual"
"","Bus Route 26 Transport Canberra Code BUS440","Amaroo To Gungahlin","Public Transport","10/08/2021 - Tuesday","7:56am","8.04am","Casual"
"","Bus Route 26 Transport Canberra Code BUS440","Moncrieff to Gungahlin","Public Transport","10/08/2021 - Tuesday","7:50am","8:04am","Casual"
"","Bus Route 8 Transport Canberra Code BUS629","Gungahlin to Belconnen","Public Transport","10/08/2021 - Tuesday","8:00am","8:30am","Casual"
"","Capital Chemist Lyneham","76 Wattle Street","Lyneham","10/08/2021 - Tuesday","2:45pm","3:50pm","Close"
"","Casey Marketplace","15 Kingsland Parade","Casey","10/08/2021 - Tuesday","3:50pm","4:20pm","Monitor"
"","Chapman Primary After School Care Building","46-50 Perry Drive","Chapman","10/08/2021 - Tuesday","2:30pm","6:00pm","Close"
"","CIT Bruce Campus (Building H only)","1 Jack Fleming Place","Bruce","10/08/2021 - Tuesday","8:45am","4:30pm","Close"
"","CIT Bruce Campus (Entire Campus, refer to Close Contacts entry if attended Building H)","35 Vowels Crescent","Bruce","10/08/2021 - Tuesday","8:45am","4:30pm","Monitor"
"","CIT Bruce Campus (Psych Accredited Class, Room G102)","35 Vowels Crescent","Bruce","10/08/2021 - Tuesday","6:00pm","8:00pm","Close"
"","Civic Square Post Office","Shop G14-16, 148 Bunda Street","Canberra City","10/08/2021 - Tuesday","9:30am","9:50am","Casual"
"","Club Lime - CISAC (gym only)","100 Eastern Valley Way","Bruce","10/08/2021 - Tuesday","6:30pm","9:15pm","Close"
"","Coffee Guru Canberra Centre","Shop K05, 148 Bunda Street","Canberra City","10/08/2021 - Tuesday","12:00pm","1:00pm","Close"
"","David Jones Canberra Centre","148 Bunda Street","Canberra City","10/08/2021 - Tuesday","5:15pm","6:00pm","Casual"
"","Engineering House, Tenancy 7/8, level 2","11 National Circuit","Barton","10/08/2021 - Tuesday","7:00am","4:00pm","Close"
"","F45 Training","10 National Circuit","Barton","10/08/2021 - Tuesday","5:00am","8:00am","Close"
"","First Choice Liquor, Braddon","48 Mort Street","Braddon","10/08/2021 - Tuesday","4:25pm","4:45pm","Casual"
"","Gold Creek School (including early childhood learning)","Kelleway Avenue","Nicholls","10/08/2021 - Tuesday","8:00am","3:10pm","Close"
"","Grand Central Towers","15 Bowes Street","Phillip","10/08/2021 - Tuesday","6:00pm","9:00pm","Monitor"
"","Guzman y Gomez Canberra Centre","Shop EG07-07B, 148 Bunda Street","Canberra City","10/08/2021 - Tuesday","5:45pm","6:45pm","Close"
"","Harvey Norman Fyshwick","Barrier Street","Fyshwick","10/08/2021 - Tuesday","10:00am","11:00am","Close"
"","Holy Sprit Catholic Primary School (including Early Childhood Learning Centre)","26 Kelleway Avenue","Nicholls","10/08/2021 - Tuesday","8:00am","3:10pm","Casual"
"","Kmart Gungahlin","33 Hibberson Street","Gungahlin","10/08/2021 - Tuesday","3:00pm","4:00pm","Casual"
"","LDK Greenway Views","260 Soward Way","Greenway","10/08/2021 - Tuesday","3:30pm","11:59pm","Close"
"","Lennock Jaguar Land Rover","126 Melrose Drive","Phillip","10/08/2021 - Tuesday","8:30am","5:30pm","Close"
"","Light Rail - R1 Transport Canberra Code LRV003","Gungahlin to Dickson Interchange","Public Transport","10/08/2021 - Tuesday","8:20am","8:38am","Casual"
"","Light Rail - R1 Transport Canberra Code LRV004","Gungahlin to Dickson Interchange","Public Transport","10/08/2021 - Tuesday","8:10am","8:26am","Casual"
"","Light Rail - R1 Transport Canberra Code LRV009","Dickson Interchange to Gungahlin","Public Transport","10/08/2021 - Tuesday","3:13pm","3:31pm","Casual"
"","Light Rail - R1 Transport Canberra Code LRV010","Dickson Interchange to Gungahlin","Public Transport","10/08/2021 - Tuesday","3:18pm","3:37pm","Casual"
"","Lyneham High School","Goodwin Street","Lyneham","10/08/2021 - Tuesday","8:30am","3:30pm","Close"
"","Metropol City","81 Cooyong Street","Canberra City","10/08/2021 - Tuesday","1:30pm","10:00pm","Casual"
"","Pellegrino’s Café","7/49 Wollongong Street","Fyshwick","10/08/2021 - Tuesday","7:15am","8:15am","Close"
"","Seears Workwear","60 Barrier Street","Fyshwick","10/08/2021 - Tuesday","4:00pm","4:15pm","Casual"
"","St Vincent de Paul","32 Buckland Street","Mitchell","10/08/2021 - Tuesday","3:30pm","4:00pm","Close"
"","Stockade Training Centre","7 Kembla Street","Fyshwick","10/08/2021 - Tuesday","9:00am","11:00am","Close"
"","Subsdance Dance Studio","1/27-29 Eyre Street","Kingston","10/08/2021 - Tuesday","6:00pm","8:00pm","Close"
"","Subway Barton","48 Macquarie Street","Barton","10/08/2021 - Tuesday","10:50am","11:20am","Casual"
"","Supabarn Casey","15 Kingsland Parade","Casey","10/08/2021 - Tuesday","4:00pm","4:10pm","Casual"
"","Sushi Island","15/22 Kingsland Parade","Casey","10/08/2021 - Tuesday","4:00pm","4:15pm","Casual"
"","Urban Pantry","5 Bougainville Street","Griffith","10/08/2021 - Tuesday","10:30am","1:00pm","Close"
"","Westfield Belconnen - bus stop entrance","Westfield Belconnen, Benjamin Way","Belconnen","10/08/2021 - Tuesday","7:45am","8:45am","Monitor"
"","Woolworths Kippax","48 Hardwick Crescent","Holt","10/08/2021 - Tuesday","11:00am","11:15am","Monitor"
"","Woolworths Phillip","Westfield Woden, Hindmarsh Drive & Melrose Drive","Phillip","10/08/2021 - Tuesday","5:30pm","6:30pm","Monitor"
"","Coco Republic Construction Site","148 Bunda Street","Canberra City","10/08/2021 - Tuesday","9:30am","5:30pm","Close"
"","Telstra Canberra Head Office (Reception, Level 1 and Level 5)","16-18 Mort Street","Braddon","10/08/2021 - Tuesday","8:00am","10:00am","Monitor"
